,gray,violet,blue,green,yellow,orange,red,brown,target
,0.0 - 31.88,31.88 - 63.76,63.76 - 95.64,95.64 - 127.52,127.52 - 159.4,159.4 - 191.28,191.28 - 223.16,223.16 - 255.04,
0,250509,3312,0,0,36870,52514,0,338203,0
1,248184,27284,0,0,29616,56226,0,320098,0
2,243783,3254,0,0,39879,44418,0,350074,0
3,272947,11798,0,0,43131,44095,0,309437,1
4,254284,3320,0,0,42942,57722,0,323140,0
5,275208,2420,0,0,55461,38023,0,310296,0
6,244026,8754,0,0,34118,53866,0,340644,0
7,266414,6626,0,0,49147,36100,0,323121,0
8,267816,33508,0,0,25674,55954,0,298456,1
9,251297,9944,0,0,28777,60102,0,331288,1
10,276031,3044,0,0,50299,31664,0,320370,0
11,261362,8806,0,0,37282,46143,0,327815,0
12,258976,15418,0,0,41305,40275,0,325434,1
13,272275,22526,0,0,46912,37990,0,301705,1
14,248344,28182,0,0,38045,56784,0,310053,0
15,263776,12052,0,0,30757,50091,0,324732,1
16,257248,5008,0,0,54189,32729,0,332234,1
17,252293,1720,0,0,48276,46652,0,332467,0
18,234257,18138,0,0,31048,54587,0,343378,1
19,260620,2306,0,0,82923,19203,0,316356,0
20,266507,2558,0,0,48280,50564,0,313499,1
21,272734,4876,0,0,50334,30431,0,323033,0
22,266397,8332,0,0,36865,50190,0,319624,0
23,267915,8970,0,0,47055,47556,0,309912,0
24,258168,21414,0,0,41144,46686,0,313996,0
25,236144,10978,0,0,25448,60131,0,348707,1
26,268785,7012,0,0,43006,46892,0,315713,0
27,231188,46238,0,0,14877,75032,0,314073,0
28,257225,16732,0,0,33250,48488,0,325713,1
29,265833,3088,0,0,43501,51420,0,317566,1
30,249026,12828,0,0,24918,54526,0,340110,1
31,270460,6926,0,0,37406,52658,0,313958,0
32,260661,3930,0,0,31218,52628,0,332971,1
33,249062,5118,0,0,36929,45750,0,344549,0
34,263055,19384,0,0,26174,55456,0,317339,1
35,266848,14142,0,0,52611,41537,0,306270,1
36,259146,8084,0,0,47332,42488,0,324358,1
37,239067,2734,0,0,35483,40840,0,363284,0
38,271357,2242,0,0,48884,39380,0,319545,0
39,255309,17870,0,0,55172,39347,0,313710,0
40,265127,17792,0,0,59143,44373,0,294973,1
41,262873,15830,0,0,45543,52025,0,305137,1
42,268163,4814,0,0,44514,41250,0,322667,0
43,255173,22698,0,0,37990,47368,0,318179,0
44,231834,18752,0,0,36400,58120,0,336302,1
45,278353,66,0,0,57119,38462,0,307408,0
46,251587,17586,0,0,35847,50357,0,326031,1
47,282787,20188,0,0,31444,37900,0,309089,0
48,233684,17380,0,0,19272,77528,0,333544,1
49,264466,1048,0,0,53804,36474,0,325616,1
50,275159,4268,0,0,44416,38480,0,319085,0
51,242527,13778,0,0,42238,48055,0,334810,1
52,265030,8524,0,0,34605,57214,0,316035,0
53,260478,7164,0,0,49702,36102,0,327962,1
54,258489,6328,0,0,39697,45411,0,331483,0
55,243296,4506,0,0,44324,34395,0,354887,0
56,272303,18556,0,0,50892,39339,0,300318,1
57,257298,27426,0,0,30453,57249,0,308982,1
58,248949,19294,0,0,38525,59528,0,315112,0
59,250989,2602,0,0,43819,46157,0,337841,0
60,245015,17616,0,0,36511,62932,0,319334,0
61,274940,13470,0,0,57114,36073,0,299811,1
62,252665,13460,0,0,44238,49049,0,321996,1
63,248275,5274,0,0,35723,53788,0,338348,0
64,286016,250,0,0,71234,38135,0,285773,0
65,258799,27848,0,0,44326,44888,0,305547,1
66,257304,18188,0,0,37910,51147,0,316859,1
67,261662,2388,0,0,48181,39116,0,330061,1
68,289266,7152,0,0,50786,42109,0,292095,0
69,274025,3536,0,0,62760,29584,0,311503,0
70,257667,20922,0,0,36191,49655,0,316973,1
71,240844,26028,0,0,22169,67475,0,324892,1
72,238002,1632,0,0,33053,57943,0,350778,0
73,241076,28346,0,0,18567,71681,0,321738,0
74,265939,11516,0,0,47005,49168,0,307780,1
75,267500,3006,0,0,48685,44430,0,317787,0
76,247450,5462,0,0,32657,64154,0,331685,0
77,240049,8356,0,0,26446,62596,0,343961,0
78,274876,5376,0,0,54964,37152,0,309040,0
79,252699,7666,0,0,45170,54573,0,321300,0
80,240470,3956,0,0,35704,68851,0,332427,0
81,266816,4062,0,0,51963,44738,0,313829,0
82,245326,12424,0,0,38350,59657,0,325651,1
83,264342,12042,0,0,45419,46491,0,313114,1
84,233558,26248,0,0,21376,65897,0,334329,1
85,271937,9588,0,0,56830,38629,0,304424,0
86,245474,3600,0,0,46727,53033,0,332574,1
87,263865,2348,0,0,44179,41771,0,329245,1
88,250002,5174,0,0,39462,45101,0,341669,0
89,280459,20416,0,0,58055,33063,0,289415,1
90,266217,3894,0,0,49055,41033,0,321209,0
91,267295,1854,0,0,61298,25624,0,325337,1
92,254055,2950,0,0,55261,43098,0,326044,0
93,239498,396,0,0,36456,54640,0,350418,0
94,270071,2982,0,0,42816,40956,0,324583,0
95,258377,10092,0,0,41651,46864,0,324424,1
96,254071,7714,0,0,36256,57832,0,325535,0
97,282184,432,0,0,58639,37588,0,302565,0
98,254480,6036,0,0,40772,46542,0,333578,0
99,237762,10198,0,0,36818,55426,0,341204,1
100,276917,2520,0,0,51079,37858,0,313034,0
101,254216,15224,0,0,36224,48901,0,326843,1
102,281680,4730,0,0,57039,32494,0,305465,0
103,269871,1466,0,0,56309,37336,0,316426,0
104,262411,4162,0,0,44403,39733,0,330699,1
105,278041,4782,0,0,55438,27963,0,315184,0
106,238146,31428,0,0,48058,49208,0,314568,1
107,253644,6884,0,0,43988,42956,0,333936,0
108,253867,9284,0,0,34435,61656,0,322166,0
109,257646,10700,0,0,42529,42649,0,327884,1
110,258286,4452,0,0,47624,46072,0,324974,1
111,259131,7666,0,0,40123,47987,0,326501,1
112,255380,18596,0,0,31329,56620,0,319483,0
113,240252,20272,0,0,37864,48388,0,334632,1
114,259446,1748,0,0,50347,34875,0,334992,1
115,267055,11376,0,0,60888,43155,0,298934,1
116,266446,2158,0,0,51519,38953,0,322332,0
117,233024,7010,0,0,29257,55073,0,357044,0
118,242865,15818,0,0,26255,65546,0,330924,1
119,244981,18986,0,0,30183,48075,0,339183,1
120,234540,12260,0,0,33525,66579,0,334504,1
121,254122,2346,0,0,50040,41375,0,333525,0
122,247749,6094,0,0,32512,47906,0,347147,0
123,268855,1994,0,0,37959,58287,0,314313,0
124,268300,10478,0,0,47958,41178,0,313494,1
125,251586,5180,0,0,46987,50070,0,327585,1
126,255184,538,0,0,42032,51948,0,331706,0
127,261905,5478,0,0,53958,36282,0,323785,1
128,251451,9706,0,0,36763,53122,0,330366,0
129,291258,9150,0,0,58976,30576,0,291448,0
130,274290,4022,0,0,43707,44773,0,314616,0
131,234356,390,0,0,34080,55533,0,357049,0
132,277397,1254,0,0,58027,34315,0,310415,0
133,264843,9082,0,0,43953,45209,0,318321,0
134,254213,574,0,0,51583,55446,0,319592,0
135,259218,5150,0,0,50098,38650,0,328292,1
136,242281,7986,0,0,34021,65022,0,332098,0
137,257889,13992,0,0,50896,38163,0,320468,1
138,269929,14276,0,0,47373,40894,0,308936,1
139,248589,8120,0,0,40972,51580,0,332147,0
140,280126,896,0,0,60417,39004,0,300965,0
141,287180,1510,0,0,68907,23492,0,300319,0
142,222743,20554,0,0,34381,62537,0,341193,1
143,280889,3750,0,0,54720,38502,0,303547,0
144,248061,4226,0,0,42237,47017,0,339867,0
145,233274,12860,0,0,26281,77228,0,331765,1
146,252401,14898,0,0,40666,49799,0,323644,0
147,277567,602,0,0,63380,33131,0,306728,0
148,265445,1834,0,0,54369,47135,0,312625,0
149,279500,7508,0,0,62686,29480,0,302234,0
150,254614,2380,0,0,41986,45009,0,337419,0
151,263309,1942,0,0,47943,37368,0,330846,1
152,239933,5652,0,0,24766,67970,0,343087,0
153,238290,3780,0,0,21555,67466,0,350317,0
154,232890,20328,0,0,26999,70692,0,330499,1
155,265646,648,0,0,58947,29657,0,326510,1
156,258219,15648,0,0,41386,48815,0,317340,1
157,249429,10192,0,0,25700,63176,0,332911,1
158,260482,14116,0,0,41251,53196,0,312363,1
159,255963,13540,0,0,30421,65034,0,316450,0
160,252031,1336,0,0,48759,35610,0,343672,0
161,246347,9634,0,0,37032,40866,0,347529,0
162,255067,4704,0,0,54509,37783,0,329345,0
163,251333,25334,0,0,41258,47317,0,316166,0
164,274332,7816,0,0,53713,33794,0,311753,0
165,258995,2960,0,0,47236,45308,0,326909,1
166,256099,2250,0,0,53862,40910,0,328287,0
167,276787,2268,0,0,52755,22405,0,327193,1
168,236012,24180,0,0,16990,69253,0,334973,1
169,242530,3648,0,0,49212,39432,0,346586,0
170,245735,6758,0,0,51827,35090,0,341998,0
171,258015,9928,0,0,37633,54985,0,320847,1
172,251186,2114,0,0,38088,50334,0,339686,0
173,244796,25248,0,0,32270,63043,0,316051,0
174,272008,1820,0,0,52840,40123,0,314617,0
175,244319,24710,0,0,44843,49928,0,317608,1
176,256932,5008,0,0,44345,44254,0,330869,1
177,244684,4984,0,0,34665,48617,0,348458,0
178,248593,980,0,0,63264,36908,0,331663,0
179,270997,11550,0,0,47365,36852,0,314644,1
180,253651,19346,0,0,28661,54075,0,325675,1
181,277601,8594,0,0,56989,30063,0,308161,0
182,273196,594,0,0,54636,31829,0,321153,0
183,264537,13934,0,0,33569,57721,0,311647,1
184,255534,5254,0,0,47107,43224,0,330289,0
185,247238,980,0,0,40789,58242,0,334159,0
186,248912,11644,0,0,30200,54639,0,336013,1
187,257326,8820,0,0,49663,45798,0,319801,0
188,239543,9674,0,0,28464,61299,0,342428,0
189,237421,22356,0,0,33732,67030,0,320869,0
190,253158,24574,0,0,35580,58002,0,310094,0
191,243410,3246,0,0,33419,59916,0,341417,0
192,244773,7488,0,0,18241,69143,0,341763,0
193,228383,2562,0,0,26504,76647,0,347312,0
194,263888,20544,0,0,44680,46906,0,305390,1
195,260408,7276,0,0,52564,45615,0,315545,0
196,278546,17912,0,0,51935,41820,0,291195,1
197,246219,3178,0,0,24885,67342,0,339784,0
198,263694,4102,0,0,38478,53915,0,321219,0
199,249110,13052,0,0,36652,55414,0,327180,1
200,286925,6750,0,0,50680,32408,0,304645,0
201,260453,6772,0,0,37480,48821,0,327882,1
202,237676,30270,0,0,24525,80825,0,308112,0
203,253995,30036,0,0,38990,58810,0,299577,0
204,241033,38,0,0,88428,21302,0,330607,0
205,235680,16512,0,0,15490,86947,0,326779,1
206,239546,4578,0,0,28062,51199,0,358023,0
207,251667,2878,0,0,53622,40221,0,333020,0
208,256300,5644,0,0,73014,23186,0,323264,0
209,243397,13288,0,0,32365,59094,0,333264,1
210,265260,23310,0,0,57899,39970,0,294969,1
211,266521,7010,0,0,45650,40421,0,321806,0
212,261891,8754,0,0,50858,41229,0,318676,0
213,258059,8478,0,0,41110,47801,0,325960,0
214,254578,8472,0,0,35819,61784,0,320755,0
215,249622,3472,0,0,30380,51212,0,346722,0
216,257939,1298,0,0,49526,40832,0,331813,1
217,251702,2230,0,0,44191,52215,0,331070,1
218,268393,3362,0,0,34902,45143,0,329608,0
219,257592,568,0,0,76124,9671,0,337453,1
220,238951,34,0,0,87881,19077,0,335465,0
221,264820,2792,0,0,46692,40308,0,326796,1
222,273616,3844,0,0,59473,41929,0,302546,0
223,270958,8120,0,0,49743,37429,0,315158,0
224,263395,6816,0,0,47263,35998,0,327936,1
225,258120,23164,0,0,25383,57930,0,316811,1
226,279850,1350,0,0,58037,22951,0,319220,0
227,258051,1464,0,0,49558,44664,0,327671,1
228,253073,14834,0,0,32536,64412,0,316553,0
229,271047,4440,0,0,49279,31999,0,324643,1
230,271321,5434,0,0,65559,33640,0,305454,0
231,253012,5156,0,0,40921,54513,0,327806,0
232,251914,2644,0,0,42500,34518,0,349832,0
233,269151,3834,0,0,42907,45799,0,319717,0
234,252964,12240,0,0,44965,54266,0,316973,1
235,251615,1204,0,0,43770,59843,0,324976,1
236,265352,2434,0,0,36574,49502,0,327546,1
237,246734,9046,0,0,49206,41837,0,334585,0
238,260702,736,0,0,40752,53632,0,325586,1
239,252436,11660,0,0,38194,40092,0,339026,0
240,258574,3798,0,0,26963,64759,0,327314,1
241,238880,12054,0,0,38102,54846,0,337526,1
242,268685,4950,0,0,46722,45157,0,315894,0
243,253421,15080,0,0,46061,50052,0,316794,1
244,252409,19864,0,0,36241,55167,0,317727,0
245,275154,5114,0,0,52236,35799,0,313105,0
246,255822,18866,0,0,38993,42180,0,325547,0
247,260404,3602,0,0,50164,36706,0,330532,1
248,256870,1142,0,0,46713,49888,0,326795,1
249,263158,15606,0,0,43083,42617,0,316944,1
250,266571,4300,0,0,43947,47254,0,319336,0
251,250614,6968,0,0,45928,43467,0,334431,0
252,246818,6248,0,0,34879,64259,0,329204,0
253,240778,11234,0,0,26318,64585,0,338493,1
254,231590,39600,0,0,23115,64214,0,322889,0
255,243672,14898,0,0,29088,61040,0,332710,1
256,234912,3188,0,0,28380,63087,0,351841,0
257,257744,7012,0,0,39965,51195,0,325492,1
258,255869,18150,0,0,30567,56037,0,320785,0
259,266718,13764,0,0,53707,35921,0,311298,1
260,242809,13754,0,0,24242,70607,0,329996,1
261,240478,12898,0,0,35468,63725,0,328839,1
262,260883,9470,0,0,43787,46711,0,320557,0
263,253514,6624,0,0,35728,45770,0,339772,0
264,241933,2970,0,0,34996,53539,0,347970,0
265,274653,10568,0,0,43071,42279,0,310837,1
266,259294,7524,0,0,48905,45329,0,320356,0
267,230266,10360,0,0,21476,64949,0,354357,1
268,256258,44468,0,0,28894,56461,0,295327,0
269,247017,7524,0,0,38651,55215,0,333001,0
270,244232,29838,0,0,28059,64160,0,315119,0
271,257424,7168,0,0,28715,52531,0,335570,1
272,231823,8696,0,0,26623,70698,0,343568,0
273,248764,10950,0,0,38360,55041,0,328293,1
274,245677,9842,0,0,33764,58697,0,333428,0
275,267722,2014,0,0,65895,35569,0,310208,0
276,240506,4164,0,0,23949,66000,0,346789,0
277,265843,8296,0,0,53860,42501,0,310908,0
278,232008,27472,0,0,21773,70463,0,329692,1
279,241743,37632,0,0,20698,72900,0,308435,0
280,239948,10612,0,0,30883,56898,0,343067,1
281,261981,1406,0,0,54487,39912,0,323622,0
282,264912,5634,0,0,45086,45452,0,320324,0
283,260062,21946,0,0,36958,50795,0,311647,1
284,271718,3176,0,0,61738,33073,0,311703,0
285,266797,10784,0,0,44967,46169,0,312691,1
286,238712,4006,0,0,44256,45077,0,349357,0
287,266305,4618,0,0,48918,39479,0,322088,0
288,248964,22970,0,0,26644,64616,0,318214,0
289,245545,7920,0,0,38659,55418,0,333866,0
290,270797,19370,0,0,47041,42667,0,301533,1
291,261219,16,0,0,73922,23800,0,322451,0
292,244883,19244,0,0,31188,59493,0,326600,1
293,251662,24710,0,0,39256,54957,0,310823,0
294,267749,6972,0,0,51174,32494,0,323019,0
295,250261,28948,0,0,36334,50628,0,315237,0
296,254724,11828,0,0,28353,60134,0,326369,1
297,255866,6520,0,0,66183,27726,0,325113,0
298,249064,3684,0,0,35397,59207,0,334056,0
299,261684,540,0,0,46052,45266,0,327866,1
300,250094,9024,0,0,22495,67913,0,331882,0
301,245401,3386,0,0,78552,18152,0,335917,0
302,237673,2560,0,0,37769,49360,0,354046,0
303,274406,3730,0,0,49595,39674,0,314003,0
304,247094,4602,0,0,43709,38247,0,347756,0
305,245368,5338,0,0,35316,54981,0,340405,0
306,297813,2822,0,0,52802,24523,0,303448,0
307,247613,33954,0,0,31166,61354,0,307321,0
308,255887,2956,0,0,47823,46673,0,328069,0
309,262728,23618,0,0,44047,51327,0,299688,1
310,252997,14238,0,0,36979,57047,0,320147,0
311,239669,1680,0,0,90533,19400,0,330126,0
312,262771,10300,0,0,37592,48875,0,321870,1
313,265404,4978,0,0,42719,37424,0,330883,0
314,258841,2884,0,0,46485,55402,0,317796,1
315,234497,3324,0,0,31707,54401,0,357479,0
316,269927,5024,0,0,32588,45735,0,328134,0
317,227167,2812,0,0,29328,63214,0,358887,0
318,248910,5540,0,0,33526,55453,0,337979,0
319,249371,25772,0,0,32158,58181,0,315926,0
320,263585,6626,0,0,40661,44075,0,326461,0
321,240201,3860,0,0,30350,72318,0,334679,0
322,262325,5420,0,0,42092,44885,0,326686,0
323,181098,842,0,0,126388,4139,0,368941,0
324,266887,8924,0,0,47694,44681,0,313222,0
325,226182,33492,0,0,17147,77871,0,326716,1
326,238104,120,0,0,38267,51704,0,353213,0
327,289751,630,0,0,72042,28756,0,290229,0
328,257512,11716,0,0,28590,53573,0,330017,1
329,263512,7156,0,0,37476,52031,0,321233,0
330,267776,14484,0,0,40065,47353,0,311730,0
331,280757,1338,0,0,50428,38713,0,310172,0
332,251685,9576,0,0,39892,52664,0,327591,0
333,257824,13902,0,0,35038,52204,0,322440,1
334,264467,11752,0,0,39210,49213,0,316766,1
335,255545,6674,0,0,51706,41620,0,325863,0
336,275873,1576,0,0,58366,38302,0,307291,0
337,261809,2826,0,0,38980,51214,0,326579,1
338,250131,24300,0,0,28964,64788,0,313225,0
339,277917,180,0,0,63309,34062,0,305940,0
340,248553,16580,0,0,44988,42300,0,328987,1
341,262629,7224,0,0,37226,43095,0,331234,0
342,263493,9340,0,0,37917,37007,0,333651,0
343,249866,20756,0,0,36461,55476,0,318849,0
344,265390,20814,0,0,35386,50711,0,309107,1
345,262532,604,0,0,70652,25672,0,321948,0
346,269028,10136,0,0,41327,53811,0,307106,1
347,256128,19610,0,0,33292,50720,0,321658,0
348,240340,10404,0,0,25856,67795,0,337013,1
349,257068,10502,0,0,45068,53575,0,315195,1
350,236911,31000,0,0,30454,56392,0,326651,1
351,257963,9092,0,0,45339,57668,0,311346,1
352,266397,8098,0,0,59449,29825,0,317639,0
353,246115,21130,0,0,28511,65556,0,320096,0
354,241449,16168,0,0,31600,57324,0,334867,1
355,251116,19048,0,0,26483,60884,0,323877,1
356,247393,13040,0,0,39535,47918,0,333522,0
357,293783,2630,0,0,79188,24916,0,280891,0
358,283458,244,0,0,63551,28666,0,305489,0
359,248288,20692,0,0,30699,60303,0,321426,0
360,277767,180,0,0,54766,33118,0,315577,0
361,271060,8058,0,0,45821,43243,0,313226,0
362,263437,6538,0,0,46711,43207,0,321515,0
363,249994,22998,0,0,29918,55045,0,323453,0
364,267025,268,0,0,40953,51141,0,322021,0
365,245234,22646,0,0,27720,68540,0,317268,0
366,270436,5806,0,0,56611,33793,0,314762,0
367,250636,13858,0,0,38191,49970,0,328753,1
368,238729,3934,0,0,50465,43836,0,344444,0
369,277359,18934,0,0,57616,35155,0,292344,1
370,245574,718,0,0,29701,57710,0,347705,0
371,264259,4810,0,0,44895,44712,0,322732,0
372,254664,3004,0,0,47269,51125,0,325346,1
373,254546,23638,0,0,28066,58020,0,317138,0
374,253024,5818,0,0,43813,43824,0,334929,0
375,240329,4544,0,0,33446,50826,0,352263,0
376,242711,176,0,0,45837,54040,0,338644,1
377,247638,968,0,0,36578,47779,0,348445,0
378,247719,8540,0,0,31247,57983,0,335919,0
379,220473,51216,0,0,17057,72216,0,320446,0
380,250749,7490,0,0,22965,61753,0,338451,0
381,240680,20318,0,0,20378,61553,0,338479,1
382,254757,15440,0,0,30566,53071,0,327574,1
383,290391,9042,0,0,70790,23181,0,288004,0
384,261930,21262,0,0,49487,47475,0,301254,1
385,243831,17038,0,0,27158,61838,0,331543,1
386,258681,15702,0,0,39652,52514,0,314859,1
387,261644,2038,0,0,50822,46372,0,320532,0
388,253266,7762,0,0,38921,42751,0,338708,0
389,258529,5474,0,0,42026,50552,0,324827,1
390,253549,6722,0,0,42570,42254,0,336313,0
391,258754,14854,0,0,53489,46991,0,307320,1
392,223777,52634,0,0,22351,72366,0,310280,0
393,262339,5750,0,0,42122,51044,0,320153,0
394,256562,5232,0,0,41284,50628,0,327702,0
395,245176,9642,0,0,35457,56562,0,334571,0
396,264212,4490,0,0,46521,55040,0,311145,1
397,247680,2064,0,0,26933,63034,0,341697,0
398,287786,2928,0,0,71887,23870,0,294937,0
399,258093,4588,0,0,45847,41858,0,331022,1
400,255235,9420,0,0,42936,50137,0,323680,0
401,250574,14414,0,0,36416,52876,0,327128,1
402,251328,3900,0,0,47128,41773,0,337279,0
403,262223,1094,0,0,44683,48433,0,324975,1
404,255323,22788,0,0,42864,45440,0,314993,0
405,252623,3146,0,0,50602,35934,0,339103,0
406,265132,6286,0,0,40109,53991,0,315890,0
407,261096,3008,0,0,47248,44256,0,325800,1
408,234087,19936,0,0,80368,39033,0,307984,0
409,277698,24008,0,0,45131,45446,0,289125,1
410,254704,12720,0,0,28017,57495,0,328472,1
411,228813,47582,0,0,28425,66901,0,309687,0
412,253382,6494,0,0,36028,55393,0,330111,0
413,263551,3926,0,0,39018,50930,0,323983,1
414,255143,102,0,0,47113,46369,0,332681,0
415,264658,9578,0,0,49016,47430,0,310726,0
416,279265,1278,0,0,60633,29927,0,310305,0
417,250260,14280,0,0,39822,39508,0,337538,0
418,239612,70,0,0,67262,32855,0,341609,0
419,286941,5906,0,0,68432,20699,0,299430,0
420,249252,9030,0,0,35792,49652,0,337682,0
421,254771,17314,0,0,41635,47121,0,320567,0
422,269369,8154,0,0,53435,40024,0,310426,0
423,277546,2900,0,0,49739,34229,0,316994,0
424,239236,18734,0,0,25845,62422,0,335171,1
425,238364,12482,0,0,36381,61949,0,332232,1
426,248732,6796,0,0,25956,69062,0,330862,0
427,244278,8922,0,0,30023,52634,0,345551,0
428,275439,5838,0,0,41353,45103,0,313675,0
429,278021,1312,0,0,59889,35501,0,306685,0
430,261021,21246,0,0,59620,43421,0,296100,1
431,270687,5886,0,0,31430,47798,0,325607,0
432,243439,10626,0,0,19596,61201,0,346546,1
433,247965,5022,0,0,38803,61775,0,327843,0
434,247171,2780,0,0,35466,59676,0,336315,0
435,259388,10326,0,0,55739,46510,0,309445,1
436,256553,16294,0,0,42302,48737,0,317522,0
437,240655,2440,0,0,29742,78248,0,330323,0
438,266840,6024,0,0,48394,45836,0,314314,0
439,271910,964,0,0,47895,32709,0,327930,1
440,246029,2246,0,0,36122,55437,0,341574,0
441,245192,890,0,0,64402,45216,0,325708,0
442,258164,0,0,0,68428,21769,0,333047,1
443,287970,2664,0,0,76085,20449,0,294240,0
444,263213,11474,0,0,55896,50612,0,300213,1
445,276631,7246,0,0,49750,33595,0,314186,0
446,253048,8834,0,0,46658,44190,0,328678,0
447,264924,5654,0,0,43670,47441,0,319719,0
448,252975,16676,0,0,43420,52564,0,315773,1
449,259594,11368,0,0,29506,62567,0,318373,1
450,250642,1424,0,0,32668,44403,0,352271,0
451,249366,3746,0,0,33840,69597,0,324859,0
452,262668,4080,0,0,32518,53507,0,328635,1
453,253853,2514,0,0,39988,56364,0,328689,0
454,238927,11648,0,0,31739,72445,0,326649,1
455,271333,4574,0,0,62979,30091,0,312431,0
456,277832,18046,0,0,38936,40573,0,306021,0
457,235726,2578,0,0,24631,58798,0,359675,0
458,248054,4924,0,0,45998,52312,0,330120,1
459,255137,2182,0,0,60392,34449,0,329248,0
460,263767,9356,0,0,27480,59115,0,321690,0
461,280959,1452,0,0,43369,48052,0,307576,1
462,268541,932,0,0,60016,40082,0,311837,0
463,244426,5778,0,0,40030,50896,0,340278,0
464,263898,23666,0,0,37842,47530,0,308472,0
465,248236,1898,0,0,30290,56633,0,344351,0
466,264762,1290,0,0,54314,36591,0,324451,1
467,252429,23816,0,0,42857,53945,0,308361,0
468,246045,9070,0,0,28113,73017,0,325163,0
469,237254,1020,0,0,93595,15431,0,334108,0
470,254295,10234,0,0,42863,40061,0,333955,0
471,259807,6000,0,0,37825,58235,0,319541,0
472,266043,642,0,0,56051,30946,0,327726,1
473,280516,3880,0,0,54185,31585,0,311242,0
474,254551,6888,0,0,43361,52850,0,323758,0
475,278050,1954,0,0,66503,22149,0,312752,0
476,241668,234,0,0,47001,49573,0,342932,1
477,277366,3590,0,0,63163,33411,0,303878,0
478,265609,8252,0,0,66877,29770,0,310900,0
479,262625,5820,0,0,43354,38566,0,331043,1
480,241655,1850,0,0,27679,56597,0,353627,0
481,248811,6998,0,0,37395,56462,0,331742,0
482,251971,18852,0,0,35883,51373,0,323329,0
483,263344,7884,0,0,46254,55713,0,308213,1
484,249023,10946,0,0,36950,55478,0,329011,1
485,237885,13556,0,0,26134,66092,0,337741,1
486,244415,21092,0,0,29512,62137,0,324252,1
487,256319,9886,0,0,31156,54800,0,329247,0
488,227985,6542,0,0,50144,37383,0,359354,0
489,270180,3546,0,0,56474,36893,0,314315,0
490,272431,4246,0,0,61266,27157,0,316308,0
491,231396,41596,0,0,29353,67961,0,311102,0
492,255956,1026,0,0,29679,40787,0,353960,0
493,263688,22662,0,0,60105,45193,0,289760,1
494,272382,1594,0,0,48554,34160,0,324718,1
495,251344,12974,0,0,27435,53352,0,336303,1
496,240170,8152,0,0,27824,59612,0,345650,0
497,268747,4220,0,0,42657,42461,0,323323,0
498,251111,41948,0,0,37978,55025,0,295346,0
499,250290,11764,0,0,24299,64665,0,330390,1
500,247922,16510,0,0,38273,48128,0,330575,1
501,240217,14912,0,0,29690,63134,0,333455,1
502,262687,14512,0,0,33896,54266,0,316047,1
503,271024,18254,0,0,53749,38525,0,299856,1
504,258908,982,0,0,51401,39260,0,330857,1
505,238093,2192,0,0,39831,45068,0,356224,0
506,267101,6066,0,0,43763,44002,0,320476,0
507,277806,11860,0,0,36295,49648,0,305799,1
508,269122,23000,0,0,34591,48460,0,306235,1
509,270893,13930,0,0,49712,44032,0,302841,1
510,267433,3464,0,0,54761,25102,0,330648,1
511,260053,29716,0,0,41390,47728,0,302521,0
512,233136,7688,0,0,9362,93348,0,337874,0
513,249519,1828,0,0,39643,61636,0,328782,0
514,240927,894,0,0,24875,57461,0,357251,0
515,264456,12874,0,0,50195,31185,0,322698,1
516,229583,13182,0,0,26193,88562,0,323888,1
517,260895,12442,0,0,38760,42769,0,326542,1
518,243467,2636,0,0,41407,53047,0,340851,0
519,277374,5434,0,0,57945,35835,0,304820,0
520,250737,2656,0,0,38567,52234,0,337214,0
521,260097,7722,0,0,37824,47479,0,328286,0
522,242878,1714,0,0,32737,59484,0,344595,0
523,260516,21760,0,0,58414,42218,0,298500,1
524,261906,7570,0,0,39669,41090,0,331173,0
525,253639,2174,0,0,45830,44451,0,335314,0
526,264245,2666,0,0,52826,36237,0,325434,1
527,264198,5958,0,0,43272,49753,0,318227,1
528,260818,14600,0,0,57869,43065,0,305056,1
529,271551,1638,0,0,40441,40141,0,327637,0
530,273041,3142,0,0,49381,47140,0,308704,0
531,257099,18698,0,0,39579,51653,0,314379,1
532,262319,9624,0,0,46164,43633,0,319668,0
533,244029,2454,0,0,37206,58806,0,338913,0
534,234366,2666,0,0,32899,55984,0,355493,0
535,264224,11070,0,0,49033,42589,0,314492,1
536,271321,284,0,0,61054,25554,0,323195,0
537,247283,3874,0,0,52065,28934,0,349252,0
538,271564,10464,0,0,56879,40982,0,301519,1
539,261782,18766,0,0,28922,54092,0,317846,1
540,241163,27358,0,0,27000,67792,0,318095,0
541,253321,7350,0,0,48973,46481,0,325283,0
542,242079,2354,0,0,42070,37633,0,357272,0
543,277166,7006,0,0,57498,37321,0,302417,0
544,254392,13486,0,0,31809,51371,0,330350,1
545,264249,6906,0,0,36329,42169,0,331755,0
546,269018,3220,0,0,44046,37093,0,328031,1
547,263064,12362,0,0,45203,43192,0,317587,1
548,243272,1818,0,0,35936,64858,0,335524,0
549,251765,9842,0,0,34404,67268,0,318129,0
550,255271,15956,0,0,39801,55245,0,315135,0
551,252583,6062,0,0,47920,45628,0,329215,0
552,237640,15100,0,0,27192,62459,0,339017,1
553,279197,7074,0,0,37828,48040,0,309269,0
554,263725,16298,0,0,40207,48737,0,312441,1
555,253443,21980,0,0,41759,45276,0,318950,0
556,287086,1394,0,0,53987,31870,0,307071,0
557,236721,5736,0,0,16385,64709,0,357857,0
558,252276,7732,0,0,44958,35149,0,341293,0
559,240773,19738,0,0,24723,72709,0,323465,0
560,255232,9418,0,0,41940,53583,0,321235,0
561,238479,6746,0,0,22528,66820,0,346835,0
562,249072,10826,0,0,37807,48979,0,334724,1
563,268308,5622,0,0,38142,51919,0,317417,0
564,268194,6220,0,0,55071,33621,0,318302,0
565,244918,31508,0,0,35931,65207,0,303844,0
566,264468,10704,0,0,45113,43532,0,317591,1
567,269392,2558,0,0,47382,37276,0,324800,1
568,250356,2826,0,0,36283,52200,0,339743,0
569,244358,6776,0,0,42946,51013,0,336315,1
570,251477,23406,0,0,41216,45798,0,319511,0
571,235801,22406,0,0,38962,52623,0,331616,1
572,252854,37244,0,0,31781,56135,0,303394,0
573,249663,4820,0,0,40817,52635,0,333473,0
574,274563,10514,0,0,53064,38452,0,304815,1
575,255698,8502,0,0,42257,46357,0,328594,0
576,256642,3920,0,0,43889,51924,0,325033,1
577,266889,6292,0,0,38974,37895,0,331358,0
578,251424,18244,0,0,50253,45776,0,315711,0
579,263101,13268,0,0,59831,39618,0,305590,1
580,270544,2570,0,0,58536,35478,0,314280,0
581,286512,138,0,0,71028,17461,0,306269,0
582,262920,16400,0,0,40358,51031,0,310699,1
583,247124,6240,0,0,47433,43048,0,337563,0
584,259039,764,0,0,38276,52833,0,330496,1
585,258679,8266,0,0,47402,40775,0,326286,1
586,271576,1110,0,0,50546,39612,0,318564,0
587,266124,2928,0,0,36668,47200,0,328488,0
588,242240,24616,0,0,28867,60674,0,325011,1
589,259216,2486,0,0,68559,22284,0,328863,1
590,269832,7206,0,0,51409,39175,0,313786,0
591,273327,15258,0,0,64138,44133,0,284552,1
592,261936,4488,0,0,40081,51108,0,323795,1
593,245888,1564,0,0,70367,17630,0,345959,0
594,255836,6,0,0,75761,22033,0,327772,0
595,247352,42176,0,0,31340,61383,0,299157,0
596,272629,10910,0,0,52534,37339,0,307996,1
597,263772,8704,0,0,44807,53688,0,310437,1
598,252232,9924,0,0,32590,52477,0,334185,1
599,269957,4126,0,0,53233,36550,0,317542,0
600,254366,18604,0,0,39351,50328,0,318759,0
601,251316,7978,0,0,29743,65650,0,326721,0
602,237016,1356,0,0,40629,39316,0,363091,0
603,260303,8728,0,0,37970,51439,0,322968,0
604,264456,3946,0,0,53557,37843,0,321606,0
605,249419,4108,0,0,38901,52343,0,336637,0
606,268859,10912,0,0,49522,42915,0,309200,1
607,246256,17754,0,0,29822,50177,0,337399,1
608,254828,2568,0,0,27798,67899,0,328315,0
609,284965,7706,0,0,46528,35242,0,306967,0
610,257204,4618,0,0,44645,50787,0,324154,1
611,278409,17848,0,0,59036,31520,0,294595,1
612,250163,32194,0,0,33665,46985,0,318401,0
613,244473,2794,0,0,17975,73043,0,343123,0
614,241086,18200,0,0,33262,56836,0,332024,1
615,247269,2182,0,0,39010,40795,0,352152,0
616,259367,30972,0,0,39399,45762,0,305908,0
617,304818,1892,0,0,73272,18714,0,282712,0
618,249887,12268,0,0,34475,57769,0,327009,1
619,261498,4574,0,0,42552,51577,0,321207,0
620,257183,21598,0,0,48290,52513,0,301824,1
621,239622,15240,0,0,53250,36624,0,336672,1
622,266974,14768,0,0,37806,49864,0,311996,1
623,273824,456,0,0,75083,18656,0,313389,0
624,276329,2090,0,0,56848,38479,0,307662,0
625,256524,13720,0,0,38568,52920,0,319676,0
626,272557,3232,0,0,51448,35316,0,318855,0
627,233406,7730,0,0,31488,61868,0,346916,0
628,266028,15172,0,0,42870,48010,0,309328,1
629,270038,2664,0,0,53819,41353,0,313534,0
630,253075,5718,0,0,32355,62533,0,327727,0
631,259465,17418,0,0,49392,47410,0,307723,1
632,271885,9044,0,0,50003,28959,0,321517,0
633,264810,2712,0,0,46902,44768,0,322216,0
634,245763,32428,0,0,29839,54686,0,318692,0
635,239214,34574,0,0,35925,60653,0,311042,0
636,253451,4174,0,0,40121,52267,0,331395,0
637,263380,2480,0,0,48830,45213,0,321505,0
638,274667,4018,0,0,63373,43673,0,295677,0
639,237253,0,0,0,36781,55765,0,351609,0
640,248071,13834,0,0,35064,52684,0,331755,1
641,263227,14040,0,0,58303,34558,0,311280,1
642,252549,4028,0,0,25231,58947,0,340653,0
643,263677,3002,0,0,62810,45194,0,306725,0
644,248275,2388,0,0,48646,42184,0,339915,0
645,251841,2298,0,0,62557,28679,0,336033,0
646,251639,9176,0,0,36500,58037,0,326056,0
647,276191,96,0,0,97758,8261,0,299102,0
648,260508,6156,0,0,38131,48534,0,328079,1
649,256749,2656,0,0,44331,45121,0,332551,0
650,257032,22702,0,0,35559,50534,0,315581,1
651,270566,8258,0,0,45244,46609,0,310731,0
652,263629,10252,0,0,39052,50502,0,317973,1
653,258159,14950,0,0,36395,52016,0,319888,1
654,224167,9262,0,0,19817,71298,0,356864,0
655,245473,10758,0,0,23279,64280,0,337618,1
656,257262,6988,0,0,39593,49823,0,327742,1
657,251944,3556,0,0,28280,70334,0,327294,0
658,241656,8058,0,0,21970,76550,0,333174,0
659,252507,16308,0,0,57543,33988,0,321062,0
660,267205,7454,0,0,54816,54486,0,297447,1
661,258507,11750,0,0,56632,44380,0,310139,1
662,263792,13110,0,0,35248,50530,0,318728,1
663,269263,2478,0,0,66491,33906,0,309270,0
664,259690,0,0,0,93203,21283,0,307232,0
665,271260,2984,0,0,56922,38404,0,311838,0
666,251675,38150,0,0,26642,64478,0,300463,0
667,272284,2456,0,0,46099,50461,0,310108,1
668,261909,7994,0,0,46282,43227,0,321996,0
669,277016,1316,0,0,63418,26826,0,312832,0
670,249139,1982,0,0,42534,37561,0,350192,0
671,239819,7934,0,0,35547,49596,0,348512,0
672,256238,4654,0,0,28444,60810,0,331262,0
673,252074,25090,0,0,43394,46119,0,314731,0
674,279574,8668,0,0,60591,29388,0,303187,0
675,245987,2172,0,0,38811,51862,0,342576,0
676,284612,8388,0,0,62607,32783,0,293018,0
677,265630,6922,0,0,45220,49009,0,314627,1
678,259912,3312,0,0,51297,48942,0,317945,1
679,251024,20050,0,0,11834,84242,0,314258,0
680,240644,47542,0,0,27172,60835,0,305215,0
681,247329,13140,0,0,37232,48539,0,335168,1
682,275251,1790,0,0,52133,37932,0,314302,0
683,236795,35806,0,0,26582,68731,0,313494,0
684,240462,14148,0,0,25444,65672,0,335682,1
685,250688,22438,0,0,33729,55949,0,318604,0
686,265691,7848,0,0,41043,46806,0,320020,0
687,284393,2742,0,0,57829,28135,0,308309,0
688,263501,14136,0,0,43558,44412,0,315801,1
689,282223,1758,0,0,61588,27743,0,308096,0
690,266184,13390,0,0,38726,45293,0,317815,0
691,271696,8826,0,0,49236,38675,0,312975,0
692,243931,9976,0,0,33578,53585,0,340338,1
693,247849,902,0,0,55925,30495,0,346237,0
694,255801,13596,0,0,32019,55734,0,324258,1
695,254557,21092,0,0,27460,56173,0,322126,0
696,261642,6628,0,0,51056,34043,0,328039,1
697,263624,25294,0,0,37169,51571,0,303750,1
698,255619,2634,0,0,48165,44010,0,330980,0
699,283155,6976,0,0,60791,36935,0,293551,0
700,264669,15136,0,0,47583,43621,0,310399,1
701,270482,654,0,0,67912,31007,0,311353,0
702,238858,10088,0,0,21249,69737,0,341476,1
703,253907,262,0,0,74758,21397,0,331084,0
704,243397,46856,0,0,30860,56740,0,303555,0
705,255094,9294,0,0,37070,51377,0,328573,0
706,251485,5240,0,0,51377,36224,0,337082,0
707,255813,8222,0,0,38388,52813,0,326172,0
708,267463,2748,0,0,28928,52878,0,329391,1
709,282359,2638,0,0,46854,32157,0,317400,0
710,244331,6850,0,0,40388,40242,0,349597,0
711,263489,14920,0,0,34536,44894,0,323569,0
712,263337,1212,0,0,57592,37222,0,322045,0
713,274313,4576,0,0,43641,33586,0,325292,1
714,278197,7746,0,0,51863,35138,0,308464,0
715,252797,2838,0,0,40541,52556,0,332676,0
716,232579,18842,0,0,32984,63511,0,333492,1
717,266416,2274,0,0,54363,32016,0,326339,1
718,242452,5960,0,0,21748,73025,0,338223,0
719,249572,1056,0,0,69435,40710,0,320635,0
720,229788,24168,0,0,19149,69136,0,339167,1
721,265355,3640,0,0,43563,50046,0,318804,1
722,261436,8588,0,0,54210,42291,0,314883,0
723,265744,20208,0,0,38023,52675,0,304758,1
724,260202,1754,0,0,40042,37995,0,341415,0
725,258369,3892,0,0,44640,53989,0,320518,1
726,249260,7898,0,0,35839,60035,0,328376,0
727,241048,25470,0,0,31674,53700,0,329516,1
728,250597,14142,0,0,25029,64301,0,327339,1
729,282980,2228,0,0,67431,15660,0,313109,0
730,245539,14890,0,0,25146,66108,0,329725,1
731,227264,20760,0,0,32599,59572,0,341213,1
732,257848,21350,0,0,28700,54335,0,319175,1
733,244480,600,0,0,33485,54937,0,347906,0
734,249018,5050,0,0,43530,51721,0,332089,1
735,247229,29480,0,0,34903,58618,0,311178,0
736,266962,10304,0,0,49804,40638,0,313700,1
737,234386,14,0,0,100947,5867,0,340194,0
738,256965,494,0,0,39979,47157,0,336813,0
739,255858,32126,0,0,28847,51958,0,312619,0
740,274546,10566,0,0,51434,43858,0,301004,1
741,241706,12936,0,0,19470,71782,0,335514,1
742,244217,24634,0,0,32793,52571,0,327193,1
743,245153,2072,0,0,37204,31015,0,365964,0
744,267174,6832,0,0,55261,38714,0,313427,0
745,235250,1062,0,0,31173,57531,0,356392,0
746,249050,19666,0,0,40382,57508,0,314802,0
747,256066,604,0,0,39987,44804,0,339947,0
748,267225,3416,0,0,56281,35197,0,319289,0
749,257509,2916,0,0,39719,43631,0,337633,0
750,236449,1868,0,0,33314,60497,0,349280,0
751,231346,2554,0,0,20081,77755,0,349672,0
752,247656,3828,0,0,40578,37657,0,351689,0
753,242994,20598,0,0,47687,44388,0,325741,1
754,269116,366,0,0,58538,39129,0,314259,0
755,246158,14594,0,0,41189,43741,0,335726,0
756,276906,7280,0,0,43663,41023,0,312536,0
757,254313,24550,0,0,39815,55105,0,307625,0
758,247439,22720,0,0,32168,55192,0,323889,1
759,246731,5456,0,0,70380,28490,0,330351,0
760,250721,1404,0,0,31964,45257,0,352062,0
761,257970,13794,0,0,43980,46817,0,318847,1
762,248459,19190,0,0,35552,52735,0,325472,1
763,278326,15750,0,0,42242,38879,0,306211,0
764,242730,14320,0,0,35398,56356,0,332604,1
765,259166,23716,0,0,27990,58425,0,312111,1
766,259051,8566,0,0,43811,47104,0,322876,0
767,238647,38736,0,0,18282,66228,0,319515,0
768,238100,25288,0,0,43545,50378,0,324097,1
769,256656,874,0,0,49213,38323,0,336342,0
770,243648,39822,0,0,31947,53503,0,312488,0
771,249782,19276,0,0,31861,62997,0,317492,0
772,285329,9880,0,0,69392,32053,0,284754,0
773,248333,13580,0,0,32158,55512,0,331825,1
774,285879,704,0,0,61274,29544,0,304007,0
775,256648,6434,0,0,37222,46077,0,335027,0
776,266415,3688,0,0,51836,40712,0,318757,0
777,272714,3956,0,0,50359,46578,0,307801,0
778,272530,2456,0,0,58457,31504,0,316461,0
779,280188,7572,0,0,64926,25011,0,303711,0
780,268914,2082,0,0,42750,41368,0,326294,0
781,273116,8524,0,0,41068,47289,0,311411,0
782,238095,18304,0,0,32957,63637,0,328415,1
783,238707,5110,0,0,29126,66360,0,342105,0
784,245128,30324,0,0,26964,61893,0,317099,0
785,262186,14188,0,0,43623,45152,0,316259,1
786,259297,3134,0,0,56075,37105,0,325797,1
787,245617,430,0,0,92949,15810,0,326602,0
788,257326,1634,0,0,36330,48426,0,337692,1
789,270711,3404,0,0,65024,28936,0,313333,0
790,261696,15432,0,0,42607,53461,0,308212,1
791,232736,416,0,0,62105,41837,0,344314,0
792,258210,15270,0,0,31122,53375,0,323431,1
793,269512,6936,0,0,53801,40896,0,310263,0
794,256915,1308,0,0,37557,52296,0,333332,1
795,238647,15506,0,0,22326,61351,0,343578,1
796,249513,7774,0,0,31531,57158,0,335432,0
797,259127,602,0,0,52120,20913,0,348646,1
798,280621,12726,0,0,52945,41152,0,293964,1
799,275771,9612,0,0,44634,46735,0,304656,0
800,222874,45632,0,0,22549,74478,0,315875,0
801,247349,3302,0,0,23110,64207,0,343440,0
802,259891,2146,0,0,43626,43797,0,331948,1
803,250364,4816,0,0,36320,54848,0,335060,0
804,261434,4222,0,0,53574,38487,0,323691,0
805,260023,4582,0,0,52705,33175,0,330923,1
806,253960,13684,0,0,29269,56326,0,328169,1
807,248389,19596,0,0,23191,64410,0,325822,1
808,249952,7472,0,0,31398,55530,0,337056,0
809,275741,2936,0,0,69614,39615,0,293502,0
810,223481,7322,0,0,25868,69453,0,355284,0
811,266322,1658,0,0,62412,27248,0,323768,0
812,246312,8058,0,0,51022,40092,0,335924,0
813,259230,18172,0,0,25360,43544,0,335102,1
814,246524,6202,0,0,44747,45886,0,338049,0
815,253799,12364,0,0,40583,51355,0,323307,0
816,229472,33312,0,0,32385,57176,0,329063,1
817,277588,7486,0,0,41013,39283,0,316038,0
818,274422,4450,0,0,49500,45591,0,307445,0
819,251553,50,0,0,57679,40510,0,331616,0
820,260200,9342,0,0,44543,49575,0,317748,1
821,256922,18598,0,0,29433,52550,0,323905,1
822,259834,11022,0,0,42153,47573,0,320826,0
823,280456,2458,0,0,53455,39655,0,305384,0
824,250652,10896,0,0,34410,48078,0,337372,1
825,261734,8250,0,0,33074,48602,0,329748,1
826,245791,9588,0,0,29909,60798,0,335322,0
827,273223,13434,0,0,48702,37869,0,308180,1
828,261816,6900,0,0,40876,48113,0,323703,0
829,264435,10356,0,0,45744,47137,0,313736,1
830,251416,4236,0,0,63352,27643,0,334761,0
831,273886,2528,0,0,42336,36096,0,326562,0
832,246915,13562,0,0,40954,47523,0,332454,0
833,259160,7716,0,0,41877,49846,0,322809,0
834,258809,3254,0,0,40765,58502,0,320078,0
835,271408,1836,0,0,50310,46244,0,311610,0
836,252352,14950,0,0,35450,54263,0,324393,1
837,242699,2022,0,0,39609,44245,0,352833,0
838,256652,12414,0,0,35911,50509,0,325922,1
839,261835,904,0,0,48976,32867,0,336826,1
840,266281,6526,0,0,46095,43484,0,319022,0
841,249406,16410,0,0,30330,58217,0,327045,1
842,263524,5684,0,0,39713,51207,0,321280,0
843,238463,494,0,0,56313,45449,0,340689,0
844,251134,53268,0,0,27231,62606,0,287169,0
845,277219,5762,0,0,61152,34380,0,302895,0
846,279206,5372,0,0,44144,38763,0,313923,0
847,237458,17950,0,0,28165,74726,0,323109,0
848,267776,6936,0,0,50954,36037,0,319705,0
849,248534,15464,0,0,31068,55517,0,330825,1
850,252677,14270,0,0,49019,50587,0,314855,1
851,239616,45524,0,0,28869,69026,0,298373,0
852,236506,15638,0,0,21944,70077,0,337243,1
853,276745,1406,0,0,51906,30739,0,320612,0
854,257283,4968,0,0,37755,57102,0,324300,1
855,252358,19468,0,0,32190,47377,0,330015,0
856,241485,222,0,0,81004,22176,0,336521,0
857,249886,8202,0,0,34648,48226,0,340446,0
858,247298,23112,0,0,38897,51315,0,320786,0
859,260864,12,0,0,49082,36714,0,334736,1
860,268815,9968,0,0,55576,36439,0,310610,1
861,242606,24054,0,0,25410,63793,0,325545,1
862,247887,7922,0,0,37786,55000,0,332813,0
863,258800,1998,0,0,83892,23489,0,313229,0
864,261037,2454,0,0,48815,47635,0,321467,0
865,249074,2014,0,0,30895,63251,0,336174,0
866,251999,9570,0,0,40799,50372,0,328668,0
867,251368,3898,0,0,43694,55541,0,326907,1
868,288564,734,0,0,76213,24436,0,291461,0
869,261918,10354,0,0,43765,51803,0,313568,1
870,244450,11034,0,0,28386,61661,0,335877,1
871,264746,1254,0,0,47809,35389,0,332210,1
872,240381,12906,0,0,27690,63939,0,336492,1
873,259037,4848,0,0,29940,53230,0,334353,1
874,238272,24492,0,0,20564,67820,0,330260,1
875,255942,1872,0,0,41412,53750,0,328432,0
876,269818,2228,0,0,43744,44380,0,321238,0
877,270406,5926,0,0,39706,49602,0,315768,0
878,252736,5524,0,0,42403,39210,0,341535,0
879,258773,9708,0,0,32037,55930,0,324960,1
880,249046,5044,0,0,41420,45586,0,340312,0
881,259811,6538,0,0,44112,55692,0,315255,1
882,253436,22132,0,0,30176,54789,0,320875,0
883,260143,2870,0,0,50767,47373,0,320255,0
884,270017,5504,0,0,50988,46141,0,308758,0
885,262593,8464,0,0,54076,39754,0,316521,0
886,253548,31774,0,0,36593,59201,0,300292,0
887,230398,26188,0,0,20633,64147,0,340042,1
888,249798,3086,0,0,31218,50983,0,346323,0
889,272754,9620,0,0,60287,42084,0,296663,0
890,262093,444,0,0,80482,19888,0,318501,0
891,254531,4278,0,0,46164,43288,0,333147,0
892,241505,12316,0,0,30483,69543,0,327561,1
893,257110,21486,0,0,28557,56625,0,317630,1
894,248099,9744,0,0,30197,55331,0,338037,0
895,262420,9100,0,0,46744,43321,0,319823,0
896,280222,1792,0,0,62913,35186,0,301295,0
897,244222,49634,0,0,34131,56020,0,297401,0
898,255560,14046,0,0,38470,46920,0,326412,0
899,273786,862,0,0,50576,39462,0,316722,0
900,274727,10750,0,0,52123,34290,0,309518,1
901,254261,6902,0,0,48902,57420,0,313923,0
902,244872,9636,0,0,34798,58711,0,333391,0
903,249725,5642,0,0,43418,50643,0,331980,1
904,270663,7738,0,0,56457,45765,0,300785,0
905,239897,2452,0,0,89270,19282,0,330507,0
906,269754,9756,0,0,43152,39181,0,319565,0
907,257954,1266,0,0,42294,50311,0,329583,1
908,262735,11906,0,0,41429,51845,0,313493,1
909,272444,6228,0,0,33194,52971,0,316571,0
910,260710,5198,0,0,33779,57233,0,324488,1
911,241499,22092,0,0,32922,53312,0,331583,1
912,256778,6766,0,0,36849,42769,0,338246,0
913,250043,7846,0,0,30282,49991,0,343246,0
914,271241,3728,0,0,56347,37232,0,312860,0
915,242223,13792,0,0,50828,53996,0,320569,1
916,261089,30780,0,0,53433,41236,0,294870,1
917,254717,21782,0,0,51949,34056,0,318904,0
918,276637,3290,0,0,51209,33171,0,317101,0
919,269295,10338,0,0,38466,42304,0,321005,0
920,244974,3680,0,0,39915,60660,0,332179,0
921,298023,5594,0,0,64376,24313,0,289102,0
922,262228,11320,0,0,37470,41862,0,328528,1
923,253895,16726,0,0,40213,54449,0,316125,0
924,267802,5102,0,0,37342,40475,0,330687,0
925,270124,18624,0,0,38405,46121,0,308134,0
926,258210,1352,0,0,43810,40344,0,337692,1
927,258562,12308,0,0,39660,40587,0,330291,1
928,260268,8000,0,0,25255,51909,0,335976,1
929,251471,6060,0,0,39517,56703,0,327657,0
930,252072,12104,0,0,34642,51845,0,330745,1
931,275881,11320,0,0,49637,40337,0,304233,1
932,251264,8728,0,0,34574,57057,0,329785,0
933,248899,1232,0,0,70821,33511,0,326945,0
934,257038,7198,0,0,43462,41775,0,331935,1
935,249423,6698,0,0,34692,61587,0,329008,0
936,247766,1316,0,0,34271,68125,0,329930,0
937,252373,22854,0,0,49967,46611,0,309603,0
938,255129,9796,0,0,40362,56497,0,319624,0
939,265568,4354,0,0,34785,51808,0,324893,1
940,227775,7220,0,0,16596,73607,0,356210,0
941,244934,1282,0,0,26215,50259,0,358718,0
942,274503,7364,0,0,53215,34836,0,311490,0
943,254148,14880,0,0,24398,56629,0,331353,1
944,261939,26078,0,0,55369,48074,0,289948,1
945,245291,10312,0,0,31222,57204,0,337379,1
946,251632,16944,0,0,28519,59435,0,324878,1
947,267228,11296,0,0,41526,47508,0,313850,0
948,273324,7280,0,0,58856,38539,0,303409,0
949,238576,15242,0,0,32261,57316,0,338013,1
950,236921,22588,0,0,31251,58111,0,332537,1
951,279783,5120,0,0,48667,43235,0,304603,0
952,270938,786,0,0,52150,39908,0,317626,0
953,265829,148,0,0,96838,17495,0,301098,0
954,261672,4450,0,0,44740,46742,0,323804,1
955,252572,17590,0,0,24602,60430,0,326214,1
956,260566,4804,0,0,52061,38766,0,325211,1
957,273298,16154,0,0,45172,38624,0,308160,1
958,255918,2648,0,0,50958,37874,0,334010,0
959,267165,1018,0,0,59229,37002,0,316994,0
960,252411,11844,0,0,49870,52241,0,315042,1
961,278323,2858,0,0,48797,35816,0,315614,0
962,250041,9310,0,0,46223,54621,0,321213,0
963,249291,8062,0,0,42568,40002,0,341485,0
964,254998,13826,0,0,48211,50686,0,313687,1
965,263693,11518,0,0,36033,56615,0,313549,1
966,248101,10300,0,0,34448,45556,0,343003,0
967,251499,9542,0,0,43607,52786,0,323974,1
968,264537,1346,0,0,47134,45363,0,323028,0
969,270776,2544,0,0,59895,34329,0,313864,0
970,246678,3306,0,0,27500,79455,0,324469,0
971,261768,13476,0,0,35869,50710,0,319585,1
972,252389,9606,0,0,24976,57678,0,336759,0
973,270540,2390,0,0,54983,39473,0,314022,0
974,270020,5666,0,0,47841,43688,0,314193,0
975,264744,2218,0,0,50036,39075,0,325335,1
976,262888,10524,0,0,44122,51973,0,311901,1
977,255352,12458,0,0,35278,42900,0,335420,0
978,252053,24100,0,0,29003,61804,0,314448,0
979,250066,24384,0,0,32633,58632,0,315693,0
980,266256,5526,0,0,44734,41174,0,323718,0
981,263775,7396,0,0,39740,49407,0,321090,0
982,243961,19850,0,0,30365,53354,0,333878,1
983,270648,2380,0,0,84824,21177,0,302379,0
984,232218,13582,0,0,24915,75997,0,334696,1
985,264587,11012,0,0,55343,34934,0,315532,1
986,241136,1002,0,0,34990,66639,0,337641,0
987,257566,17312,0,0,14205,69063,0,323262,1
988,256394,2054,0,0,32002,61056,0,329902,0
989,247885,8634,0,0,29175,47051,0,348663,0
990,265890,4166,0,0,54624,32698,0,324030,1
991,253095,3362,0,0,39129,58126,0,327696,0
992,276419,4260,0,0,51671,37454,0,311604,0
993,266560,9234,0,0,34324,59229,0,312061,0
994,266556,12838,0,0,31377,54528,0,316109,1
995,244471,8494,0,0,31504,63544,0,333395,0
996,257637,4318,0,0,41180,43216,0,335057,0
997,259716,22440,0,0,46548,49631,0,303073,1
998,218408,262,0,0,79437,29043,0,354258,0
999,235450,6294,0,0,28423,78046,0,333195,0
